{
  "project_info": {
    "project_number": "1088497499562",
    "firebase_url": "https://maps-2018-16978.firebaseio.com",
    "project_id": "maps-2018-16978",
    "storage_bucket": "maps-2018-16978.appspot.com"
  },
  "client": [
    {
      "client_info": {
        "mobilesdk_app_id": "1:1088497499562:android:cef71c9e2c9b95a2a43fd3",
        "android_client_info": {
          "package_name": "com.codingwithmitch.googlemaps2018"
        }
      },
      "oauth_client": [
        {
          "client_id": "1088497499562-6lm0peifiglig9a0afortt6f974r4jmv.apps.googleusercontent.com",
          "client_type": 3
        }
      ],
      "api_key": [
        {
          "current_key": "AIzaSyCPtIkOAPp8vZiGYqoVWHEWWQYCxgOp_ng"
        }
      ],
      "services": {
        "appinvite_service": {
          "other_platform_oauth_client": [
            {
              "client_id": "1088497499562-6lm0peifiglig9a0afortt6f974r4jmv.apps.googleusercontent.com",
              "client_type": 3
            }
          ]
        }
      }
    }
  ],
  "configuration_version": "1"
}